department,2005-01-01,2005-02-01,2005-03-01,2005-04-01,2005-05-01,2005-06-01,2005-07-01,2005-08-01,2005-09-01,2005-10-01,2005-11-01,2005-12-01,2006-01-01,2006-02-01,2006-03-01,2006-04-01,2006-05-01,2006-06-01,2006-07-01,2006-08-01,2006-09-01,2006-10-01,2006-11-01,2006-12-01,2007-01-01,2007-02-01,2007-03-01,2007-04-01,2007-05-01,2007-06-01,2007-07-01,2007-08-01,2007-09-01,2007-10-01,2007-11-01,2007-12-01,2008-01-01,2008-02-01,2008-03-01,2008-04-01,2008-05-01,2008-06-01,2008-07-01,2008-08-01,2008-09-01,2008-10-01,2008-11-01,2008-12-01,2009-01-01,2009-02-01,2009-03-01,2009-04-01,2009-05-01,2009-06-01,2009-07-01,2009-08-01,2009-09-01,2009-10-01,2009-11-01,2009-12-01,2010-01-01,2010-02-01,2010-03-01,2010-04-01,2010-05-01,2010-06-01,2010-07-01,2010-08-01,2010-09-01,2010-10-01,2010-11-01,2010-12-01,2011-01-01,2011-02-01,2011-03-01,2011-04-01,2011-05-01,2011-06-01,2011-07-01,2011-08-01,2011-09-01,2011-10-01,2011-11-01,2011-12-01,2012-01-01,2012-02-01,2012-03-01,2012-04-01,2012-05-01,2012-06-01,2012-07-01,2012-08-01,2012-09-01,2012-10-01,2012-11-01,2012-12-01,2013-01-01,2013-02-01,2013-03-01,2013-04-01,2013-05-01,2013-06-01,2013-07-01,2013-08-01,2013-09-01,2013-10-01,2013-11-01,2013-12-01,2014-01-01,2014-02-01,2014-03-01,2014-04-01,2014-05-01,2014-06-01,2014-07-01,2014-08-01,2014-09-01,2014-10-01,2014-11-01,2014-12-01,2015-01-01,2015-02-01,2015-03-01,2015-04-01,2015-05-01,2015-06-01,2015-07-01,2015-08-01,2015-09-01,2015-10-01,2015-11-01,2015-12-01,2016-01-01,2016-02-01,2016-03-01,2016-04-01,2016-05-01,2016-06-01,2016-07-01,2016-08-01,2016-09-01,2016-10-01,2016-11-01,2016-12-01,2017-01-01,2017-02-01,2017-03-01,2017-04-01,2017-05-01,2017-06-01,2017-07-01,2017-08-01,2017-09-01,2017-10-01,2017-11-01,2017-12-01,2018-01-01,2018-02-01,2018-03-01,2018-04-01,2018-05-01,2018-06-01,2018-07-01,2018-08-01,2018-09-01,2018-10-01,2018-11-01,2018-12-01,2019-01-01,2019-02-01,2019-03-01,2019-04-01,2019-05-01,2019-06-01,2019-07-01,2019-08-01,2019-09-01,2019-10-01,2019-11-01,2019-12-01,2020-01-01,2020-02-01,2020-03-01,2020-04-01,2020-05-01,2020-06-01,2020-07-01,2020-08-01,2020-09-01,2020-10-01,2020-11-01,2020-12-01,2021-01-01,2021-02-01,2021-03-01,2021-04-01,2021-05-01,2021-06-01,2021-07-01,2021-08-01,2021-09-01,2021-10-01,2021-11-01,2021-12-01,2022-01-01,2022-02-01,2022-03-01,2022-04-01,2022-05-01,2022-06-01,2022-07-01,2022-08-01,2022-09-01,2022-10-01,2022-11-01,2022-12-01
Amazonas,0.17747598,0.14609613,0.11884646,0.03829481,0.12459199,0.12578528,0.25100082,0.26326217,0.35541937,0.27305931,2.60653373,0.38692883,0.26310886,0.21284308,7.5e-6,0.0765546,0.13065361,0.29036697,0.53958846,0.60863312,0.58635384,0.85520271,0.55287018,0.80297878,0.39282937,0,0.01946,0.05668547,0.33301244,0,0.23970195,1.15308301,0.63385046,0.44495738,1.20176221,7.61571129,0.36910311,0.25675187,0.0437628,0.04936146,0.13859248,0.16004349,0.26300466,1.51221452,1.76196543,1.49837856,1.47402489,0.42152853,0.51139928,0.33617325,0.05731023,5.346e-5,0.07312595,0.54063633,1.491537,1.83617307,2.04469476,0.99779666,1.01716911,1.50998507,0.2881248,0.29303688,0.07252795,0.13520349,0,0.40721941,2.0580154,2.02218203,2.73162212,2.61515958,2.36941264,2.1042734,1.01151416,1.18554242,0.09692063,0.08752748,0.26076345,1.62183952,1.97997395,1.17968837,5.75185618,2.43574939,2.87523645,3.11108549,1.63494556,0.36916954,0.34958244,0.36998704,0.27658284,0.83086455,2.35008571,3.67593133,2.29060175,2.92039644,2.2034058,2.6023278,0.71930498,0.66508036,0.39636158,0.55085567,0.7741755,1.52751351,2.48556418,1.90953901,1.11621323,0.98198188,1.26575567,0.56365686,0.37948916,0.13304848,1.5015e-4,0.51284196,0.1182045,0.388795,0.235755,0.20410943,0.34419551,0.20340305,0.51117878,0.88290036,0.31302327,0.56386332,0,0.0843838,0.1823377,0.2343731,1.20911032,0.85103048,1.56033332,1.25644691,1.54550933,0.95051254,0.53176831,0.68969472,0,0.19625788,0.26018012,1.19213732,2.90912837,4.17230603,5.55324438,6.6481978,5.2145579,4.99095712,1.7461847,0.88167348,0.164386,0.22398383,1.4926617,2.57803466,2.08399423,5.79683906,4.04114345,4.48166121,7.40615394,4.24553725,2.40446246,1.72704697,0.55098758,0.17338282,0.72876418,2.64217663,3.78071498,4.22205067,4.90747373,6.76398283,4.74956393,3.90483753,1.78189122,1.75211653,0.17665269,0.78931278,0.83173064,2.55678318,3.83305771,3.57389898,4.78933284,4.6162054,3.59027962,5.33281886,0.94304752,0.45359779,0.42307901,0.70511742,1.30471507,1.19782592,3.30668079,6.55847085,6.75661975,9.84183006199999,4.08628181,4.79708467,2.84844751,1.2546104,0.76439954,1.25665336,1.78967844,2.39964563,5.40750263,5.24472159,8.15529418,5.7352192,4.36509938,6.49614829,4.94397048,4.26813212,2.05788884,0.58832783,2.36396449,4.49131277,5.3806011,9.07068771,11.71680758,11.20149972,4.83316517,6.17396497
Ancash,188.67116525,151.56680567,198.29166585,157.47766965,187.69135793,230.76927791,241.34573271,209.1408892,215.3668996,187.93125203,222.81968474,315.1132564,197.8705736,231.52262591,272.45836769,269.79888385,251.47359148,319.7345525,389.89450715,411.06446934,279.95016267,311.14202443,346.40328856,397.05328692,194.59819861,296.85394256,335.46182629,279.70615587,352.90322308,301.33837724,417.81737576,437.04934156,301.56969695,412.78427576,296.16865031,381.4549818,307.93791324,245.32834129,381.45946273,458.41319773,500.14172186,416.43219821,462.60917437,330.86717059,275.162032,236.27113006,172.47452531,188.38519961,168.47332154,175.85866493,211.05240596,154.10649322,218.23912447,274.60423903,262.81715209,257.00068435,267.66790914,255.30189481,259.95138044,411.64006366,248.50747679,282.35379131,303.38047799,311.61357401,238.15166891,303.30432652,456.81058422,279.76952732,457.3455215,326.61174035,322.16636604,362.41281928,353.06231445,433.08018231,396.02096703,283.28650884,367.63297646,413.1765854,413.65925467,408.36916563,385.14725761,338.92389263,248.31722408,455.61859623,418.52811661,393.82660232,454.5245487,316.38606104,418.44260709,388.34414901,513.55679299,408.97105953,385.1571058,554.65409867,443.3140497,353.13543064,247.42144492,249.79110419,328.98648132,242.26994691,335.07773021,364.16035493,365.16556254,579.30764247,425.09557513,380.41036388,368.71703564,433.15808248,309.39249291,371.1249728,359.12115202,227.03591396,218.49044516,253.21917613,246.13645038,308.83803109,210.56795233,273.17086454,243.95208898,264.34321054,188.66511854,207.50470291,200.5472894,156.21822295,222.5696251,302.24960073,228.62363846,301.66901856,189.26182911,268.95688619,241.61998471,254.83994063,134.10323884,223.56649593,215.84130881,277.13267114,248.63682471,200.2843552,219.47237915,220.00777842,254.40245122,256.05113279,166.51221957,259.57665357,249.11009913,316.10786295,296.341717580001,296.5470164,277.9971911,372.18972467,234.31365741,260.27484695,395.985717569999,267.01549617,344.494060659999,445.35132576,311.21179714,333.99645269,415.216612629999,385.88205485,468.89451533,468.98940176,442.17673923,393.13941154000094,311.860656280001,272.14395686,348.851223920001,402.03313613,274.42626304,329.2147067,393.61832091000093,359.57785748,334.90642879,292.076832790001,307.01105659,310.12000026,283.403447830001,344.282224840004,252.0577576,417.29676742,311.08497825,300.74208771,300.03963062,182.54239489,45.02755337,228.44662342,344.16819371,417.63249564,389.9892586,433.499937944,421.257191651,533.352898232,418.83102433,550.24676295,639.64902891,511.79197269,514.6672525,559.68829375,515.85839017,591.10502233,530.0294939,450.19000497,628.26260268,721.42566406,372.52850963,567.30049598,569.62546114,468.7397129,420.70498379000003,464.86133774,428.33204261,661.87685887,594.21180051,422.01397665,481.88987092,454.19778874
Apurimac,0.0046213,0,4.50036544,3.44882461,3.62304797,0,3.3809657,2.83877949,3.51315216,3.32232331,0.012768,7.32549133,0,0.01038082,21.11138342,0.06748177,20.42592901,0.04634185,20.21498303,0,0,23.93728782,0,20.03656296,0,0.0182121,0.29445,0,0,0.001865,0.0126,0,0,0.01716488,4.75530942,2.99641508,0,4.88398578,3.7012095,3.94769796,0.0690629,8.39238523,11.34585224,3.17455485,5.54769703,0,5.4520599,12.93018962,0.0639375,6.18805583,0,3.7714612,7.16574217,6.48e-4,49.63237594,7.16195548,24.91783992,7.66826565,0.31529438,10.54631325,8.41946495,10.37505657,0.00626,14.19776286,6.40450883,10.24853932,12.45764504,8.33184635,3.12549143,8.85743085,16.01224737,23.70231445,0.00262,0.23824668,1.40053516,1.66075672,0,5.94084342,9.75e-4,4.49e-4,2.59928729,0,3.42257031,7.96792419,6.26330558,9.94052616,5.39535946,0.02299631,5.02163892,5.55145178,14.91949568,6.80576971,7.33846534,10.59687347,6.66259011,7.59509541,5.09921826,6.58512858,0.0899,8.95689533,4.23253969,4.24717857,0.5881055,0.3688734,4.4332213,4.42332489,4.76440067,3.69546517,0.001387,4.2174015,7.38358495,3.90331112,0.12506083,3.81292947,3.83768372,2.52852499,2.49123754,2.57131715,2.66734601,0.1007769,2.54999988,0.24250948,2.37715756,4.57893845,2.32152948,2.07941072,9.02266684,8.15171065,9.67275945,13.50578531,12.76991996,6.52807172,42.96538828,38.08898201,54.54824025,72.74209698,102.48732427,47.61142959,181.7664638,73.38587689,124.15897734,221.80248903,239.78094772,338.90034332,241.90966219,276.16742642,222.96935537,142.79892886,239.38289248,216.04885104,161.21824814,274.50170537,278.42415165,240.78278284,376.8139114,172.13300747,299.39080418,189.21551911,199.20836954,156.21260772,258.41173662,238.05616348,190.7559824,149.40962247,183.30008822,158.34719813,282.46680479,277.08464881,188.59222076,72.11004138,1.55287529,97.68829388,263.70678508,205.55464226,157.57346053,170.80546419,165.25856388,72.74988315,121.53540036,417.3992145,226.38087667,133.56867211,143.55528311,2.30714621,95.67712655,248.51514837,189.7919759,27.5860024,289.83605667,280.58842529,266.92303943,147.36802054,146.47251634,298.72248552,334.82646389,134.8329956,528.91530473,395.08880931,227.54988218,320.78944988,216.25051557,153.54329575,251.9688331,32.55626881,175.34120688,165.62795234,7.23620824,304.41735578,35.40841144,188.03532623,248.75624145,311.68319282,271.97233572,262.57843289,39.96730876,43.60796623
Arequipa,27.92751664,31.44148091,56.98445005,55.70698951,56.27676679,41.36397272,59.48591541,50.61869328,47.84766674,22.22956604,82.4312958,51.70441023,38.87425101,42.91851444,29.36735634,107.99796911,61.21836918,82.49746854,77.06899463,22.06972473,141.41883863,88.99311783,70.4171998,71.8056355,89.47248787,109.02027524,160.83565215,142.22511298,111.95013126,234.08062865,224.27810437,162.98160063,241.67375429,143.65377644,245.35354309,189.30909933,146.81941095,198.16230494,264.44110924,176.96015809,252.53213446,194.42868483,221.14059544,266.24516759,255.44538544,159.77305859,157.51603553,142.44801844,81.67119613,146.16698159,127.60464303,145.97285853,167.39020517,175.54365562,190.28987508,212.45990764,257.20259634,254.7221246,328.0355973,306.20675825,250.75540236,256.3738494,316.80828074,287.37098782,192.24330991,300.39305387,285.11772717,301.27474554,324.19709529,303.29218062,380.73983524,339.26122155,342.98340954,417.97666726,442.46525148,327.69895541,499.69459453,435.76168725,337.07942073,411.43688931,393.36999727,297.87327419,301.25625589,330.76320285,299.10081535,243.02622613,439.84315372,220.60010753,382.75072117,350.16595357,231.42086048,335.4627625,394.73501907,274.03354064,252.48398301,364.96044294,297.10870627,202.15531646,341.47266634,261.28611155,364.2642725,303.47345756,292.75798283,324.42563325,314.26282858,324.13926776,270.68362899,420.80520792,280.0370118,189.48966307,287.52428825,216.98782843,310.29601927,273.03748628,256.14598684,279.81557521,219.4024175,247.52526229,235.54428049,274.72144205,216.87518886,184.05095819,232.96843277,218.1932616,166.3879251,265.02481395,224.08719261,235.45503654,300.34784414,291.88509218,344.00424076,417.684744,277.59382019,330.37041969,383.988885439999,381.361829509999,372.840310619998,326.150982249999,395.223751460001,402.552648379999,348.1287431,406.133455409998,383.978180469999,418.982653480003,346.17256154,357.870452770001,409.15235326000106,389.043126089999,375.751989159998,455.03500779999894,357.555729469999,465.52237949,521.70957434,434.07617714000094,455.658426310002,502.344061080002,458.757987320003,343.346292510002,530.86882463,416.26535310000094,455.347592770001,509.484734540002,390.724324870001,442.72394544000093,438.580595500001,347.638319140001,453.330317920003,447.472922500002,355.440173120001,418.699759150002,460.48119753,436.89580241,323.380866970001,401.96480281,328.752328630002,277.53870125,376.92769377,410.076493630001,450.532477010001,386.707803000001,321.08217432,301.39164997,244.26889433,134.07665929,237.8304521,292.50607071,301.05521808,294.16933324,415.214737989,417.953104503,344.64882421,473.500372981,379.20076736,331.16180441,442.77951558,459.8307385,401.1864231,376.64828003,479.8982623,502.21195515,602.55251638,529.96158247,395.69822642,587.45736058,540.67326249,484.90667834,548.16838874,424.61249811,606.52452915,537.78887166,439.74912534,368.98222295,511.3689383,516.83233268,420.75889335,548.43111953
Ayacucho,0.23633488,0.09542591,0.40723288,0.46353283,0.30110007,0.1706484,0.61665699,0.48255581,0.30197364,0.28704061,0.41745124,0.05112176,0.42539136,0.03740244,0.44621845,4.75776806,0.4187429,1.02501273,0.75875861,3.05357965,3.20169097,0.15129413,0.27797295,3.18728443,4.32010119,7.53035186,0.1458,4.20648478,3.78239779,0.58462672,1.49368064,6.37828717,7.39214505,2.42650592,6.00916309,3.13136542,11.53223114,5.74099131,2.52464828,5.69295348,3.1269855,2.18612979,14.40815512,3.75301989,12.13637776,5.51565787,3.53758437,1.00888751,1.08189298,3.80160793,3.63763271,1.07081687,7.46887639,2.80571847,2.68258702,3.45648178,2.23105439,12.63898151,5.4847501,7.33358007,7.70079198,2.90786444,10.59039437,4.06696182,4.54198006,14.98667554,8.23091248,10.83998554,10.17687103,7.4112694,12.52704049,8.29455059,10.33274086,9.56638039,9.33703746,10.35220414,15.77841009,8.45950975,10.66936246,12.18461861,15.0676499,8.30358209,13.2337982,38.35180428,12.21539216,31.73954648,17.21759878,14.05594156,7.67257856,15.11714512,16.55680797,18.08664668,13.11547005,11.96600118,11.79186485,21.06097704,10.92849367,10.84598612,13.25996772,12.36428825,15.26299521,11.09291169,13.30709818,19.28663807,20.14451095,18.46222119,22.55899396,16.25172987,11.11256882,17.32315085,25.65591111,27.92448656,16.17717012,16.49327527,25.2052303,30.2598696,22.30860039,21.48125896,19.44782077,8.30678866,17.7886498,10.79877557,32.65590199,12.687478,14.51493256,20.31217791,27.94630732,28.86041002,25.47481136,12.42843384,13.34746368,16.27385014,9.75658017,10.16594984,26.14325834,15.04313994,33.37121444,11.90585173,19.48467399,29.29682116,33.36872348,22.14236777,20.21052575,30.64630125,17.00553883,25.89039781,15.74687207,32.66204513,23.3470697,22.72074676,20.75791681,44.18178102,22.89803471,26.84955,30.19484799,26.48633916,25.75498489,21.68937442,22.98070408,43.90327411,22.19735313,32.14144538,13.23038281,29.93140549,27.47847245,38.0158994999999,39.29169025,28.95022683,42.14376224,40.0726115,40.49116228,25.7647979,20.25175009,31.44967397,21.17699459,25.75023604,22.54569142,27.52589039,19.12377389,5.93448366,50.31860672,62.60641886,94.35857944,35.91634931,12.11099902,46.25200947,49.10816968,61.07929158,73.135751203,105.029814157,71.16682661,60.781865704,74.15224911,63.40370784,59.41992576,65.03382545,69.70235459,71.60661368,68.90536374,64.05877664,65.89750946,63.64153856,84.00287267,65.42733924,69.56295027,65.96695765,75.260945,76.94016658,50.30805874,65.43011507,59.5035653,61.14854596,51.043794,78.68226846,68.56040333,66.8524003
Cajamarca,83.76016196,134.97155283,121.18026565,94.22573763,107.2318918,118.63082129,99.3071738,116.36624821,133.85588126,148.19151236,183.12867073,200.27704737,120.88705782,150.55049442,164.05490353,152.85825371,195.6835174,161.882727,129.01624038,110.62871244,146.76464591,104.78250172,115.36723345,110.47404194,77.61029758,83.99225691,124.15768915,61.7068094,74.21931387,77.80202555,59.21092406,97.9984492,109.97968297,80.78224793,148.36307567,176.06470159,102.72937675,216.05424531,166.87348731,81.47612805,175.45575897,169.87701914,154.3320392,138.66024975,157.43558929,130.3754717,81.26575621,115.69754234,126.62079567,124.86542218,186.39039131,175.28429649,180.47777095,163.77569382,168.88725941,211.85683685,231.61522928,220.32946731,266.57453183,243.200175,165.24394584,222.99216475,198.98970755,169.94542966,173.6865689,238.3518997,200.78053581,166.56232552,264.14378129,207.23203963,249.32809875,218.54804456,149.28707329,195.58684343,202.78774691,234.28276789,231.99215925,285.46516529,201.44907464,391.25486572,253.21101009,275.66149126,233.49183135,358.38554317,325.495582496,277.575683126,286.864260636,324.693373332,381.029403962,355.037482142,404.130060325,410.226092735,369.086634245,375.26425012,457.22634267,365.15664936,305.327573748,241.381461578,297.718076958,202.457189376,261.992380446,181.727401396,157.8464202,260.24406812,164.69960226,190.423718442,153.667191372,139.720752732,244.505913738,262.446775688,222.090071618,230.124983152,222.358949682,260.89935665,233.108140178,264.065658708,303.515521158,261.146039643,273.172389643,260.950082083,230.392781994,187.721881745,186.212994462,198.966024726,186.153512227,158.434418418,249.381904561,212.173154215,227.318119928,225.684450454,180.585205373,205.320831426,161.924334907446,145.508588249044,244.396599762193,166.21676989175,148.817001454441,215.94572406038,214.647568363226,246.798402167514,195.687030560253,195.816968501077,210.751338793433,204.185763883938,156.167930378314,179.104829612252,153.52912698131,149.507501446222,203.258912533095,199.464590956726,217.997961701641,288.590813607868,316.901770539517,253.91048728367,223.24961522438,241.409135188216,273.012894159805,164.514677800997,149.545579429326,213.596593175281,158.748707500206,227.577259012994,205.93781559215,221.975158516976,240.935736248373,315.095945027996,289.471862373919,247.042818900043,260.030985436057,171.966917695243,222.408470151705,199.818863296233,225.375865599006,245.364546494441,349.59656174475,347.324012805977,340.778899825534,256.246874562436,247.401941168372,307.057862529818,121.8653631,113.6089537,76.0972077,86.77111664,68.17142481,148.36656147,104.60112924,187.02466108,209.140544738,187.03343399,104.86650575,171.49516767,107.20684928,139.78310555,76.5578902,139.32790041,127.97992401,104.34926434,132.28093076,174.14125652,136.66823968,178.37251184,231.06228866,165.79544873,152.01303562,167.30773233,152.50975109,88.44467033,117.53627239,143.1454084,139.30327882,200.73881097,186.10065374,190.7206289,160.05192935,187.10208258
Callao,94.4596187099999,74.0120584899999,89.0439445499998,99.3698145499996,121.31998282,113.04254933,117.37210315,124.40942432,95.09496446,132.74142355,76.6692912200002,153.29275546,89.40791989,86.2711938300001,112.72784955,114.03363115,131.34529083,127.84719298,166.36926215,119.10652733,120.82643426,117.28105898,122.64626324,189.66257715,94.6422081199999,142.40607883,122.08957253,148.69653437,157.10612478,158.69124416,200.3883893,158.592246870001,143.46870103,183.95391908,173.55296113,208.71932514,240.59741817,200.336146770001,180.182865900001,165.84402197,219.0419249,271.291123170001,260.859526810001,256.47385336,186.70191567,139.66170722,145.960292520001,106.05615391,96.3426638500001,145.28238152,132.17305164,119.76305652,180.79796829,174.489797,182.515201290001,186.823865380001,171.71576013,184.6394027,171.12043964,238.62361687,183.08060162,210.474529870001,228.712912250001,161.857192300001,203.26158536,318.10439067,259.88735071,288.8251295,293.287426880001,237.45178213,225.88147502,229.65640069,186.72509206,249.2779809,261.90994185,186.54589598,297.070894779999,513.883749059997,325.99546357,318.771635619999,407.752584339999,310.321753419998,247.02887651,303.75222445000003,363.582992240001,289.0804295,445.56407077999506,254.803341430001,367.36756021999906,489.515476919998,344.66835692,394.5665273,434.67936252,340.038611159999,304.57440158000003,477.268034699999,217.669834830001,252.420225010001,294.746114530001,176.37325991,235.67900316,268.95674295,246.05337086,281.576452909998,311.73544493000003,213.589016029999,232.10520047,360.411801090003,198.260390089999,305.697274769998,272.361298709999,269.994238759999,223.446006069999,229.719746939999,274.077065999999,300.589807710001,196.493832989999,202.20022026,225.617139390002,266.892902610001,309.28353647,268.28920941,214.528339719999,194.978309659999,203.581985429999,333.007904960005,250.907235309999,303.150055479999,274.776217079999,223.649895270001,173.647533290001,228.896715059999,136.41761458,206.984261729998,305.508372749999,292.290142329999,256.397727650001,319.129088329996,404.908644659999,453.611976199998,377.7127743,368.072958440005,368.146864199998,483.403366199997,379.457172229999,514.144260990002,407.704325679998,395.605459070002,462.218390140002,514.159213050002,533.147835650004,552.431564730001,562.58703991,560.875852169992,522.250622730002,582.389415629996,505.185080619998,555.296685770003,522.391426809997,491.94417084,565.796490349998,690.965553129997,466.356776749997,471.473224290003,495.322377200001,390.083195359998,435.343370559997,491.11645433999706,414.328514910002,465.06813176000003,403.687524689997,459.593496939999,344.997159359997,529.321654150004,443.226160579998,371.63013335999693,360.621612959999,281.45038575,200.484134380001,169.787392100002,180.39174905,175.51699614,124.95635715,88.18419819,71.38057844,96.55920792,194.50546078,227.21845849,263.294861491,218.229856078,206.818292924,326.51767387,253.00537963,334.71433674,340.75968952,378.26361549,340.85763927,341.04290393,369.13572594,366.30649569,318.66598301,380.47696154,310.83294279,399.52561908,374.11847063,381.27371933,426.05469843,379.04081324,289.97249699,458.10847678,437.57798668,426.0184125,368.50768958,394.76607205,277.54542275,354.18971951
Cusco,28.97917014,7.42876401,45.41003553,29.69912927,29.47844494,15.28153238,12.29241857,34.10513301,44.30976991,17.60535502,38.51251057,52.28597312,31.88599087,24.98176404,29.0703077,33.11211871,68.15175255,51.15704576,81.54268426,49.30219234,73.6461951300001,51.07822253,49.34159547,88.0906787099999,21.08128148,19.40837771,20.51165812,51.61243039,64.77134271,67.6405442,52.1745882,56.48395815,11.81562626,111.71528593,43.77179075,26.03361432,75.0471633100001,43.54908568,48.87334845,47.85775999,44.74558924,27.19880018,20.76837976,31.91327754,88.96496051,21.27425335,43.6185499,26.22190701,22.02206249,15.84244655,34.83295007,15.63923392,13.79095652,11.0148269,12.73679632,11.88961093,11.43085278,10.13862564,11.34432537,22.89418503,11.60155351,14.05706629,13.73237411,12.06739338,15.60145618,16.46351903,21.54942561,41.2186999,41.53017564,65.39287816,42.17330238,49.30128338,22.85668717,42.29533607,51.53400287,53.3609274,61.59685434,53.00326072,71.88586674,91.62232052,60.64913218,101.9867363,37.54922629,105.98915283,58.890145,64.59866857,50.49209479,0.8060722,28.35315862,73.63257756,39.5605162,34.29125485,86.56573641,52.71188665,49.55214559,68.6459483199999,51.10330915,143.90438144,69.87503557,61.06638178,122.75861211,108.07457127,109.04764072,48.26729601,133.4808916,114.97299137,82.53282205,48.77804384,117.5067649,100.69157687,29.99738185,106.71180348,108.2776512,80.92134697,150.50593876,126.42080011,136.38008877,107.37828659,95.67806899,86.72346844,55.15168205,61.4635253000001,69.16763735,96.60363466,104.41167358,134.06762935,94.14066334,71.8888127999999,78.90912671,97.38893842,173.53551257,115.85679538,59.22680307,67.17586844,79.06621112,76.43709531,125.53007313,45.58737874,157.64288397,110.01839276,73.29523199,157.21204841,113.88649113,108.38329365,50.17306089,93.0450617,86.71521916,122.72114236,89.8718465400002,137.41256452,64.00346996,147.84260931,119.93266056,157.25533468,151.54678982,215.77572451,95.56134254,261.59720992,178.47586195,146.68728236,170.52538055,209.27067478,184.72484914,224.78544135,114.40836953,204.02633146,202.82638244,173.1651188,186.4374933,145.10299696,179.0051885,145.3903422,98.00679899,244.62400267,141.38519464,104.80129551,133.08176888,99.23487045,202.8373797,192.75107839,139.22036111,138.55630109,141.97523732,4.618475,56.36102477,172.73039145,170.50981632,48.92514855,234.89811896,273.76302998,225.161154189,186.76879837,217.5039829,187.37846432,166.73957705,167.19462704,166.92626708,204.78632796,83.18276578,200.06758922,283.62743934,154.62739013,249.367445,310.43300478,148.5329354,199.37920511,132.12414191,210.35281951,130.39244249,246.8000963,132.54564478,134.05675779,221.55118318,195.99725191,159.25384168,276.08622333
Huancavelica,0,0.03528298,0.71745338,0.19681017,0.10205359,0,0.0021361,0.00785351,0.00889468,9.904e-4,0.053639,0,2.05792008,3.95735649,0.69105566,1.31820043,2.85578532,1.22691467,2.57902476,4.72478876,0.69752707,7.70790631,8.69855339,3.34731805,6.08420734,1.55452395,8.33728511,1.1967383,13.77854094,10.8022015,5.72099113,12.32572564,3.24357888,12.53755301,12.42995651,22.02236224,9.01214366,2.5267674,14.05886764,28.16583164,1.88409795,0.62876391,36.21685317,3.93135959,13.83918789,3.09051161,6.98087274,2.75690273,0.68704547,7.16760439,3.70671751,8.15973545,3.39600833,5.67186286,2.74487778,5.48393779,8.32243827,32.12981526,10.3885837,34.59888003,13.68036895,0.79981702,10.54447484,4.87823551,2.43439418,9.86910589,10.78852007,3.53901208,0.97363943,13.45466894,3.4196517,11.64794425,3.51715676,10.87427389,8.71538747,3.89556876,34.13284782,16.81609775,18.17728824,21.55984351,34.87925569,11.55063027,4.28219202,18.51971999,32.17227797,42.1856711,11.48727849,13.55323965,2.14729059,2.60913242,16.9646879,20.20614954,1.18486615,24.76491673,13.26843922,32.1423434,21.42658146,13.58426059,8.06602776,10.61507248,0.48724519,4.82188457,21.72349386,1.83662661,21.52723184,4.15524744,2.10006541,2.36358544,3.99113244,10.05097968,16.61041092,0.27067548,10.33641902,6.04473385,9.27881002,12.08147086,8.19914286,6.28054199,1.39465108,3.31649043,1.07479005,4.98601209,7.38522122,0.42756425,5.02380983,6.20696343,8.80116922,14.62538281,4.65193004,2.80972609,21.32501758,19.27848047,5.45346416,1.81405262,3.79373209,6.17189848,4.78679014,8.30837211,3.1465928,2.82530676,9.14247914,1.99849412,4.12668338,3.52815119,1.18992729,7.45600791,1.81378926,3.99408983,1.30705607,6.84234657,4.76801539,3.12043655,2.10883793,2.39323178,2.37761772,3.87115895,2.08550777,2.39019552,2.18256104,1.88217284,2.81644314,2.48518859,2.48266504,2.84061008,2.04230991,2.78264502,5.15129607000001,3.05236187,0.59652962,1.44161575,1.77610621,1.06061445,0.97666153,1.08790402,1.95697266,1.25209255,2.36257317,3.20402619,2.55660781,1.51550284,3.20304313,2.65676121,2.92883916,1.28897479,3.99768449,2.8839557,6.16671257,0.78192124,0.77836289,3.03997445,6.28230268,7.073957181,4.11622318,15.07161011,7.40172135,2.33663437,5.55932982,2.91340399,2.65677472,3.6310375,10.82907855,10.04558617,4.03463501,3.48677718,8.627366,8.89941818,8.35609104,4.09738991,5.7115665,7.04901296,1.46369936,3.37104057,4.75860673,4.06425873,5.66189656,3.24037182
Huanuco,0.08961528,0.27758624,1.75166142,1.67901856,1.61485118,7.71280922,0.28162892,4.60389732,1.1701228,0.70207981,5.75406322,6.4705918,0.14508264,2.46786326,0.025125,7.47083709,0.391288,4.81351585,3.05673088,6.19126029,3.83562288,6.22181376,6.60678103,10.44394403,0.11236175,0.33256,5.87495863,0.24223205,3.95026439,6.64956334,3.33367756,7.72592556,1.7955525,5.81995405,1.31466581,4.82944994,0.71885426,6.67688118,0.54222379,2.98450871,4.02523099,1.45388476,6.64359643,4.20226778,5.93860173,3.44125946,4.09654304,6.98145541,1.30341918,4.74728538,0.99299945,0.93530022,1.05395959,6.98982328,0.82282326,1.70958096,3.5891933,0.5765583,3.32798701,0.73564357,1.31137067,1.14874155,9.54507547,2.66144741,0.63012482,3.3350953,2.37030488,3.33991916,1.78540455,1.06140628,1.33790986,7.79386999,8.25811909,2.24171527,0.69158109,0.87446362,1.27862638,2.37429364,6.28472303,9.33533318,19.02258679,4.05082977,3.42389492,12.84007457,10.1225009,2.66820523,5.95024444,0.90066378,10.49799436,6.40610875,8.4155979,12.15613027,3.43586641,12.93261747,7.73020674,1.99727561,2.26156177,1.64614888,4.02389928,15.43408668,28.84622545,23.44109014,5.24170237,4.71588945,15.81898747,3.79548521,3.8383437,5.95310442,12.59156381,8.63947307,1.65991384,10.98080168,9.48834265,12.3872136,3.0147659,6.73035091,6.38044114,16.86900503,1.05893757,14.75971114,9.87867324,1.98137001,10.56885524,2.29639835,9.13948065,13.33356817,16.02270533,20.72456854,8.34857243,18.80147221,9.96008103,9.28514191,17.92254778,11.13575941,6.05145868,12.31868916,3.66572985,6.21027274,0.70283891,0.64150994,1.18471761,0.93339555,0.79016199,0.73333272,0.62140443,0.56709955,5.98582966,0.27708255,0.71107257,0.7138236,0.84635406,2.98764059,0.77859367,7.4034534,1.01553271,8.09110754,0.79298041,0.73194324,0.49280629,0.98582837,0.83672522,1.95119797,0.85606193,3.19376153,7.72451528,2.17326913,2.3449282,2.88755836,3.20438245,0.72660499,0.58715714,2.36103711,3.48903907,1.24605003,0.74345775,0.43831853,0.1858528,0.67358525,11.65268631,4.21814652,1.65485727,0.56255206,0.69577587,0.25234652,0.50290289,1.00583867,0.75251474,1.72250982,1.19998643,1.26578352,1.12245266,0.90885089,0.26364812,0.66931809,0.79527343,0.7012811,0.6108068,0.58317925,0.82278694,0.5430132,0.21257135,1.085826,0.35254348,0.6240472,0.36674668,1.04961836,1.26781,1.01676025,0.6389767,0.79918686,1.36049453,2.24602919,0.30741924,0.69078101,0.7110257,0.60355905
Ica,69.4892972699999,54.80528985,77.7718781,94.82684663,103.67467565,124.18155297,136.88765092,100.33614398,126.07139449,107.61303299,105.31588118,90.0786510200001,114.42498652,115.9671833,104.40671083,99.2392322899996,105.24784461,115.68872934,165.16383718,125.60597747,113.75413585,155.09940168,136.94589442,159.13762851,158.15019123,103.2701794,114.97150457,122.83401103,141.95408294,138.08764728,205.74803327,127.06597146,138.94616179,188.98994188,155.99259406,206.232556459999,203.841477239999,146.13201093,164.18918964,175.00987258,167.0319503,213.192632449999,185.85677309,235.197700189999,189.75690783,204.48571173,190.73424718,173.48686124,180.67548007,157.19825988,166.471459470001,148.93624335,209.30982193,178.30710234,200.7583812,212.25707059,215.768293779999,200.06324767,260.41396591,301.616678530001,262.2158126,323.50094654,284.6947384,322.55484109,238.974987419999,333.411987559999,322.951246310001,305.61866395,390.169953459999,292.795150780001,370.39760734,408.76111630999907,352.31993508,368.913162490001,406.40133976,416.92299218,460.10181949,364.255236280001,399.9381584,423.24063525000093,286.54638167,376.357590520001,281.3558245,341.076455389999,474.183958339999,292.4187041,302.550758210001,251.128553009999,339.973025510002,290.77493466,323.012567789999,280.95282319,307.569808229999,340.700194769995,378.904718209996,377.596980959998,442.581848019999,365.755714879999,364.981940719999,406.61619001999907,417.87344536999893,366.12546946,450.457270940003,589.540387179999,475.76900629,484.438247509999,430.260090009999,481.508371530001,376.704237460001,410.694530720001,386.25658047,330.505249150002,430.261940830001,382.682886499999,417.547338929998,304.087532129999,398.473873199998,324.137434500001,320.653066219999,326.60176521,360.087398350001,247.555899220001,243.89837276,211.63158251,179.85020752,313.83297014,233.758303769999,272.212421739999,175.7924367,229.97805594,246.40693489,311.42035269,241.66454997,188.19590368,211.27268534,194.23656705,247.30562849,191.6532676,251.52579351,234.758382420001,186.41257608,213.42415492,254.616516249999,332.65257548,307.482353839998,245.601274940001,227.75322726,272.72711903,237.474466179999,220.104381499999,267.17799167,289.505502670001,266.13679449,271.35862897,274.013271170001,431.499760440002,403.920851259999,263.970744269999,278.476793299999,275.478219589999,296.196531489998,265.76107419,273.3416122,251.73196644,282.611363580001,228.946202069999,218.369111849999,343.890764590002,417.600814,298.70808724,281.260178010001,262.885808840001,249.075848139999,277.42091354,344.990154930003,329.654716220002,276.046849319999,295.3392192,304.097303599999,410.00364432,461.29368983,367.07691277,230.17917429,144.46753864,135.5428899,184.99870768,312.34917328,319.81662457,344.206467092,373.399530753,356.538210499,516.317762416,712.43058797,506.20504173,465.99625432,420.64967479,500.75319133,518.45731546,523.4978724,638.21558526,486.22272386,656.04202399,565.03616092,806.526588,731.012325559999,686.173571119999,602.50989377,461.54465695,508.91746643,541.76497124,531.54319742,487.05516097,526.70184296,452.60772716,472.99799102,795.58934307
Junin,52.62868008,60.48788474,55.9758463,56.62911193,64.58658223,62.79415419,70.99617387,59.81482674,68.77926784,72.58488547,73.78285538,86.48332007,80.10132417,82.81136764,101.17558024,106.93913934,106.83468301,101.35304876,123.57959122,118.3243488,99.26650274,154.68650376,109.38798317,115.64508821,119.23246469,107.29255168,126.47792717,128.6703672,133.15352977,130.20175678,173.4217817,128.02337761,133.78205759,153.35904971,88.72358616,156.99701391,128.44501425,112.1631773,150.08044184,112.61743918,129.82598503,121.11433764,155.40836339,141.74897857,139.20953369,102.72075797,84.769908,95.11632337,74.48418098,65.75542013,83.13849148,32.92580075,57.93628997,52.43268579,17.0529516,32.26649707,35.73729309,61.08802019,63.50782018,47.71399862,31.165817,38.60400404,27.96554327,26.85448166,16.15058132,44.70308645,35.11958811,50.57082237,31.58321028,37.25660397,47.55368441,81.46907998,22.28458559,37.73421273,60.14183655,74.22066949,49.26625208,59.37547271,78.67785523,55.29893903,62.89734231,36.99266995,39.82102148,73.85613588,55.65313255,18.39048021,24.7337174,43.93656278,11.97782422,35.57133437,42.88880152,50.35530775,50.6347452,65.28094818,70.51765903,32.84465947,26.11537547,76.5317519,90.13157908,88.31231263,59.75010979,79.5180006,116.57382027,140.9424534,94.25585023,106.80631474,93.44623143,83.13505578,68.78651243,80.83122901,97.06891957,80.33400883,85.05655249,65.31933611,55.92235355,87.50480657,60.78147087,63.63529126,74.71351894,65.09939079,48.70706664,51.15753791,66.17531025,82.0349111,98.62510815,107.05603975,86.49223196,72.49507877,79.85465433,69.26471608,83.9919338,120.63242779,39.52835485,44.40016153,47.76665609,52.25782405,72.16383467,54.77151533,45.6006215,75.3059085399999,68.51657253,74.69417323,81.46192976,139.26997748,92.38722395,89.03579329,40.91581472,52.70133339,122.82935224,95.1500264500001,56.60937947,87.9291352699999,69.0044321,81.5147749000001,59.49135874,69.21763737,50.50383817,68.34585959,156.085758,98.96305688,85.80577425,67.35644298,61.10660559,63.68399753,63.29763416,63.8759107799999,64.30360419,66.17171165,88.8904594900001,80.30107072,81.66117711,43.87366379,73.49252441,65.9049859,62.25264489,73.19258158,54.29853813,114.58409023,71.32777453,92.78184253,81.91959178,84.97724035,83.35486808,76.78068753,99.84092816,34.40170502,87.52137527,112.9084993,89.038934419,108.714295247,184.384020223,129.133295245,204.32581545,97.74296821,119.47329797,110.92039176,126.39472462,107.11025526,201.7073706,205.38846443,139.08297053,122.34557968,88.59897404,43.26865716,85.37853818,147.77929037,106.23144639,118.55876007,117.27036898,111.51284077,112.88803289,197.79120326,161.04658486,234.40322128,198.60715274,194.93039407
La Libertad,35.6961911599999,19.47024551,25.13556579,21.2015463,22.08969805,39.7228169700001,62.7912425100001,60.6263987400001,66.3361629000001,56.49807602,76.69555294,111.45772518,87.2417791499998,60.9407166099999,69.2079592400001,62.6824472899999,54.6627888700001,84.0696724800001,122.78271473,102.44387361,120.70248405,77.7382546799999,123.30340664,114.38628203,97.8513637600002,98.3598029600002,126.58280095,94.77514753,138.87380186,101.25544352,79.0582984100001,113.22943148,141.22886614,111.08243856,97.21445897,176.9763132,130.68263331,150.68712791,161.02831742,128.37861122,141.03133802,136.15407676,130.90051291,180.73524784,188.55573827,175.544904730001,169.26157851,162.652382900001,125.8392876,139.06719122,143.90823691,131.17321238,155.9125997,190.57512757,222.96308836,196.46144381,181.50083618,192.1276015,175.13003199,197.68486357,207.792754560001,207.90020816,199.580276370001,171.97726944,165.67943497,253.90571134,181.04003174,159.108034719999,201.27302257,157.77581086,160.65935093,219.13592442,163.61243658,178.05328269,212.11303387,158.34170678,192.479707189999,232.48141805,205.40292988,237.345289199999,279.90107211,244.50869212999999,219.319911919999,257.90700158,173.96052175,260.17278205,252.48581577,192.17951343,187.28847199,235.478614550001,244.06822381,262.62889851,269.81808514,275.16309116,287.83724955,310.533864869999,221.06550353,183.17461742,289.28570887,203.64746258,244.78628148,231.33926098,206.97407292,271.95992245,217.38648338,243.28148011,239.3288893,314.40826705,220.30277745,195.12192126,265.10866195,180.57894043,251.89146772,232.43292932,227.585159700001,243.020207560001,186.70080438,218.90674506,215.13235304,263.117640300001,158.04975539,242.07717376,195.40996786,196.42956158,190.65894192,241.825246330001,240.776930200001,196.79358825,201.53664356,244.23946041,187.68451718,258.12922594,182.27932729,162.05276746,176.590314449999,215.73515374,192.133480759999,247.69558435,226.059912539999,174.88059555,223.6926987,273.86805651,223.05423699,254.76109058,176.23064095,166.26368756,166.41714954,172.87988013,242.50797782,294.989594,232.53503965,269.63534777,307.86465444,291.517451129999,251.146085229999,262.55796047,216.889659349999,214.39227331,187.64535023,166.77166065,245.07175243,283.669811459999,233.062063950001,288.83612575,220.67879878,270.145161499998,238.05541853,240.97035542,257.15025183,167.417603,165.84145751,176.15100131,178.97852405,245.39052968,273.44261351,229.272111900001,272.792058290001,311.30784021,275.32710952,294.291037339999,274.95279224,181.15667532,150.18270107,179.25959859,161.69320635,251.74084979,280.80327434,353.66492295,350.978403208,383.411690614,286.221616413,316.883148501,239.54605725,243.79159747,237.80442971,280.29008881,226.74024649,333.14156597,388.77743861,385.9725997,462.58986535000093,395.42190663,307.39974995,383.19486293,289.96711301,264.70386078,315.37922044,261.84529579,272.16508458,346.59951727,400.937421279999,443.11645487,451.278045060001,459.631718160001,445.064793870001,397.01213062
Lambayeque,13.31461987,7.41558461,11.92601967,7.8907497699999904,11.80042318,10.96438005,13.57312566,11.88818593,17.68370958,16.44629233,14.01313918,17.11946891,8.58153466,7.91672863,6.6643645,7.10219469,14.51037701,14.75577765,19.99122496,19.28761915,23.925463,25.93941374,25.81939235,22.17672901,13.42490941,8.55629169,7.49521641,5.74276323,10.30867935,10.22942959,18.94747953,28.60872969,25.65691426,20.62296468,19.19757037,29.34826203,12.36676437,12.25613326,8.61996376999999,7.28479912,10.81100831,17.20710205,25.26560726,34.20326215,22.53575023,28.85365719,21.1203451,14.72473892,9.74300699,11.34934706,10.39420152,8.05365965,11.876574250000001,12.0748259,21.62802567,19.10899118,30.18204092,25.10086219,28.54711861,28.30166497,16.07050446,17.11906233,13.28567793,12.48898709,17.30992123,28.9877968,32.15033417,35.78112554,32.4605746400001,41.3795890299999,40.44894702,38.22025543,15.70801827,17.69591265,16.12636756,16.69876239,32.97444109,38.189649,40.93090545,54.3708222,47.98607851,44.91616152,48.7247774900001,62.0624724500001,19.62484125,14.55177673,14.74922089,10.95792334,18.37288444,28.43226495,28.9043466799999,35.38271398,39.00093739,54.16357266,35.03071892,36.15045551,17.9942495,12.68008207,15.50926183,19.76499256,16.24181618,21.4587525,31.82532921,23.99313557,27.33958435,30.58456925,34.56410396,43.66558004,26.26337656,21.51795829,20.71450595,18.08570292,28.70724801,31.39057504,34.44270699,41.11339488,47.46074932,54.9187090799999,59.98847181,51.69780651,23.93439785,28.9887064,24.17215801,25.35004336,40.2871376599999,33.7709995499999,36.16058647,36.52980706,49.326255,57.68473797,65.1510467599999,52.1562662399999,29.34312251,24.84367316,22.26491863,24.08255156,27.55986074,26.10073034,25.3273516,42.7166090000001,46.39217095,49.25718792,48.54424311,51.9155213400001,28.82575146,22.4669895,19.93970877,26.92608084,35.30132391,22.10804142,22.41826505,28.97788656,32.88706719,55.89803509,68.6412987900001,54.54744464,27.42477436,32.4356166299999,32.07782941,38.69004626,53.51836874,38.41868547,31.90761784,31.06837309,55.0671438899999,61.78864829,60.0411252,62.32304393,48.6487673299999,34.50175474,41.68616198,48.95389841,56.35546036,45.5823761000002,38.6564958699999,34.45885488,65.9014960000001,79.12259514999991,85.3039806899999,83.77210825999991,41.13760526,37.54283787,40.20900131,39.03073835,58.89360553,52.07780038,51.98887526,57.94650698,69.5204895150001,104.751523232,89.355223467,76.409694881,43.43381343,39.92590903,41.71359153,59.68903196,81.5418041899999,82.71569270000012,66.2328068800001,79.6049810900001,124.91855041,100.53491617,89.90431635,94.353403,60.2335106599999,46.59393815,50.02812843,60.40423088,66.33571242,72.32481464,77.4270094999999,98.44611835,126.38046316,108.63863544,91.9838934400001,108.3334024
Lima,327.89882314,342.791299940002,357.732883460005,319.048882660003,364.064295339998,412.85561382,396.981024470002,401.92685689,361.385254770001,388.519084929998,388.193040760004,425.204678040002,404.457501950002,344.665453169999,392.667675611284,442.99745094,475.784280540073,500.34285412999907,541.886749826991,527.285392439999,456.37142440999907,573.13678516,592.134697029999,612.997853239967,503.987633609997,504.128710770001,521.179296099996,577.695348029998,508.482312910004,638.645668329993,769.511136349995,560.028358739998,640.731645420004,777.317460029993,567.809555659997,803.142544930001,697.618447509997,598.738064279998,675.233353429994,728.428706579993,755.7434244400009,742.03702766999,795.066022810003,730.899835699997,715.493623389996,692.795221299998,672.753892069999,638.872830619994,492.599403189997,524.041207330002,552.196906359998,526.474612419997,581.445914619995,617.435739859992,585.013687618273,570.806353944206,619.685293584707,596.937125890001,586.519490840002,635.162255010001,500.510412130004,549.729608939994,633.902325639993,618.622231519996,562.746381680003,757.808814999424,719.294947529992,786.730173380004,778.1102468800099,832.1714829300071,923.541867810003,945.064270660004,780.028749360013,882.7074169900151,945.312489150012,1000.60386005,1165.74432258999,1099.53218471999,1245.86970944,1315.9108407,1103.18120002995,1206.68500648003,1182.83170134999,1264.79393508001,1075.54574149999,1148.97812291001,1199.23000914,981.725154649986,1066.46093582999,1035.40969258001,1135.74370873001,1117.0571071,1113.01983779,1091.19701722,1034.33456517001,1058.95436001,928.2976556999981,855.808974999989,959.430436129987,948.045350629984,813.790485409992,796.131315509993,870.206266489979,860.742454399996,836.318697589995,781.488594779981,832.5326197774209,795.049482367256,679.229948999996,713.521297949987,725.958385389989,714.617711549989,664.231818370007,751.9623131799868,840.7852686,880.409690719981,856.163223389991,947.9843116999812,786.06019524998,790.527070659996,650.45990157,597.193143660009,652.151352609993,577.430164370002,657.828657460003,726.950905799992,670.111173839993,667.614333230001,618.495548479997,677.157138389993,600.375822630001,648.695451889995,536.601691140002,575.519888179997,602.507257689995,562.82002368002,624.390640619993,624.998570060012,752.15774654998,759.4661941399988,762.074595629991,764.978356179963,748.176672970024,802.294135743265,758.478766919976,824.628176499983,772.20048038997,687.076749549965,787.1947095099889,830.4146043099929,835.5404999199972,856.778086409993,860.464665390068,784.8632615199868,846.1328255799868,881.019595279981,806.398451560012,686.248663620004,848.9134228199871,802.159203449997,921.102973670007,911.5345076699941,975.8188689899871,949.132863219984,985.304779139984,1063.88331079999,954.302184899998,881.334831489984,829.4835075300028,833.032494230011,926.639733160011,905.21991629,1052.4703079,983.492362069998,1128.62052881,1097.12271602,987.6196271100031,1104.00029811998,1040.15087490998,1147.83426404994,859.65749963,828.5630004,748.24891678,491.48209207,500.5063221,577.8338172,761.42002218,909.14537485,845.80232998,869.470456273,742.476547522,944.679895471,856.23432389,817.736355069999,838.4136696800009,939.31060003,968.76934162,939.950209310001,1037.90753664,944.10485215,1283.0963789,1352.88893814,1526.27144829,1606.84000952,1426.6179687,1385.37368971,1696.53537301,1412.0309180899999,1201.6547591,1314.28414721,934.385254020001,1365.17586284,1244.32695017,973.07168966,965.99169446,1111.5827863
Loreto,4.68426189,5.86212993,2.91966116,6.97668818,6.5604575,8.57861383,7.46858002,8.34521680000001,5.06247215,4.31551737,5.33415893,7.70930763,2.26512376,4.62445586,7.04954084,4.55425453,14.17767158,3.10705676,10.17884172,9.60740502,3.53649479,6.43712792,11.3943867,5.30535376,4.1520372,7.098636,4.16680794,4.48150452,9.38720385999999,12.06869406,7.59620549,6.56608755,6.22739804,9.00942442,5.57843802000001,13.19974401,9.62238308,5.45627314999999,5.78044336,15.24265584,8.37956922,6.03209482,8.26823049,10.87145762,5.59187964,5.00623411,3.47356855,7.62488479,2.70972134,3.4557872,2.28101046,2.40251716,4.53210257,2.42252953,4.42338648,2.35203004,3.68134893,2.61548017,4.06956345,6.59941396,2.44143828,5.68431974,2.23052063,3.04239748,6.70103585,2.93643599,6.44269669,2.14160408,3.84032018,1.8340145,2.98128758,4.89381036,2.33651212,4.23916269,2.2400461,2.8780626,5.46875821,1.12995663,3.28672145,7.81478017,2.06073855,5.29697908,3.38394137999999,2.31386982,5.47679112,2.00310259,1.86599048,6.44676562,1.92550012,4.68655697,7.04887633,7.56209886,1.57406201,1.6693069,1.31446691,6.07179295,1.75145346,1.04763522,3.5874099,2.45451102,4.51403712,1.94639907,5.70962269,1.45003605,2.10073521,6.52414499,3.75100107,2.72207315,3.1193127,6.64774303,2.35269441,2.62064438,7.4594824100000094,1.68591913,2.81329997,7.91626492,6.03145423,1.45479542,2.75852818,10.04295492,1.54236434,1.29725372,5.83560982,1.65893387,1.54920303,5.84044626,3.44004251,9.94315466999999,2.94951147,3.87579403,5.04166878,2.48912936,1.95911141,1.35578151,1.80106321,2.58457607,1.37274209,1.30652078,2.9755404,3.68450748,1.28782584,5.43124102,1.68205954,1.89341002,1.5008869,5.31175251999999,1.6911486,1.69445871,1.57672403,1.44461687,1.53703505,1.29200283,1.9659988,1.58254916,1.61843565,1.15399505,1.66286186,1.1090451,22.3495787,1.39573175,0.61537872,0.8100826,19.88245968,1.30331752,1.88514336,1.57487592,1.79520676,21.06177614,1.46854042,1.31017704,1.86322436,1.60087517,1.76368602,1.55718056,2.00866044,1.52576971,1.96491394,13.22483399,45.13474828,56.02650605,1.02703338,1.62820254,19.57655898,0.43837166,0.6247074,1.44075508,0.99764826,1.14772246,0.83288301,0.91460566,6.66731161,1.86361824,23.35720299,1.13157203,1.32963157,15.14159922,2.02242213,2.36425905,1.08862802,1.45274874,1.29570472,1.4041459,1.6881815,1.41073353,7.89885686,17.46592435,13.8177392,14.04004026,41.98953984,40.41826115,18.31631938,25.35916243,17.21138025,26.11404594,9.55637221,32.56788112
Madre De Dios,0.43190006,0.89065971,0.83693271,0.69469128,0.2996266,0.20064312,0.16012453,0.56712159,0.1975889,0.17372643,0,0.11489437,0.12095929,0.67236455,3.17915943,1.76786663,0.23277783,0.30618861000000003,1.04965883,0.74715623,0.63461616,0.68552551,0.91604061,0.40288942,0.46978517,0.10386955,1.5105402000000001,0.17654902,0.44178604,0.54541745,0.7932721,0.92855748,0.95651331,0.71102883,0.52289973,0.80160903,0.64686815,0.71031099,0.70201156,0.49088957,0.57909885,0.61748297,0.81383159,1.09291112,1.84099931,2.68495286,2.83875159,3.51092901,2.38644356,2.19986496,2.46951098,2.4417704,2.39266175,2.70927654,3.32945103,3.52102919,4.2067909,4.58230032,4.72393584,3.85032873,2.74131682,3.29847739,3.70900762,4.15498492,2.98229345,4.30632364,4.17834691,3.84562662,4.38685421,3.44048921,4.43729213,2.94394725,2.79775244,2.43987748,3.23932173,3.80150019,5.45978334,5.05900225,5.52629068,6.66479389,4.14326898,4.11319333,3.3742682,3.27157072,1.90019693,2.02985353,1.42390249,0.4967566,3.45009233,4.48650556,6.23908516,12.82637598,11.73587673,7.38320606,11.37762874,4.37060278,13.49955638,5.59832099,9.09502077,11.63583923,14.50340662,12.00156942,20.05479568,13.71006283,7.24215323,14.45404066,8.09866399,25.27460442,4.0332989,1.42509487,3.42354633,3.60062889,5.70269991,4.95794638,7.93623135,12.86571568,14.53104101,19.62726057,14.69787491,6.59799652,6.28993569,12.79034133,17.30291581,16.58874084,21.27293312,20.13612431,17.51278803,19.19092193,13.78445101,7.60141103,6.44684855,4.49090094,1.52031931,3.35304788,3.11428329,2.98324985,2.72167336,4.15956802,2.912846,2.28587292,4.38327437,9.07220383,9.53477866,2.42284735,3.41353956,3.69885132,3.46731618,8.290104,6.42356165,9.76128697,13.51488939,7.58207597,5.99294976,7.51592738,6.46992036,4.54632501,7.43325503,6.27898723,7.26024715,4.57932757,5.51513499,5.09986113,5.3541799899999996,4.16881747,7.50478188,7.52675391,5.4787624,6.19063369,5.5505959,4.89608551,1.54989708,3.61035134999998,3.71730964999999,4.67684659000001,4.71721193999999,4.9213005,4.62544614,3.26751223999999,4.10776759,5.36906295,4.4009725,5.94142652,2.98542715,2.77632414,3.79976421,6.59014772,8.50250453,5.94493919,6.3619233,7.67229797,4.23237955,5.25434685,6.29734614,9.59448782,10.39185068,7.43131513,5.69030977,14.16858019,15.65476734,16.02136559,13.0252607,16.34191636,17.9098139,10.54404714,12.3117243,9.85037569,16.9518661,16.15554222,10.50700648,11.93681727,10.59963796,10.75905867,10.78502303,9.30625982,11.81174527,11.8828255
Moquegua,170.00505146,100.39690865,108.51275557,171.1663463,123.12545126,99.31650316,155.79173596,120.35076407,153.03176767,125.43261672,104.97423859,248.55555061,91.67822901,102.50487442,192.12727099,189.1923233,249.8599957,198.14628539,250.2734087,161.43755326,319.73054834,155.72944921,252.50771858,261.05464532,116.23820605,117.68560858,100.42950344,224.8913696,182.94121364,284.58210507,195.39917397,155.25210758,285.6472561,164.04518475,276.17217842,229.53615753,174.04167824,226.44587748,244.21502392,236.6204464,238.86080676,184.75825456,211.13559718,171.34442007,113.56675489,129.73148678,127.0737682,105.78128204,83.35273151,108.49954622,104.87816298,130.88820895,160.52884399,118.81654708,164.99455779,157.65626227,195.54877402,262.96836141,198.45472121,210.79150075,238.27209899,197.74257192,252.34082667,227.93030827,254.3234766,168.54514743,209.54157652,237.12848997,145.06644794,225.24654155,205.86816871,284.21755439,215.29452525,206.60386008,278.88952672,172.08504454,233.64332722,276.39351808,240.34088013,265.47386489,198.6807606,260.49781001,141.92635588,271.58165176,209.60803908,309.32726777,200.86729574,244.24916458,202.24468283,184.74359733,237.09802711,168.57352119,251.41694205,106.41636789,191.26332339,207.11346971,199.39499455,222.6231779,180.36719129,138.0631819,183.77040012,198.68756333,149.93164113,315.41744877,153.93582354,326.2952296,126.55605277,220.86082322,179.67148262,212.64260481,143.98017039,248.07179843,200.01977535,179.23805846,216.79169364,197.93388436,275.80394355,154.52388711,153.66179959,237.32735916,129.35770081,160.8917584,174.48921187,121.57605194,134.73812992,143.06704958,122.66364782,237.75181458,79.77664616,214.96882467,109.90100285,141.08097231,182.68279619,70.16706452,108.79953625,152.9182752,99.93372638,94.2586336,134.09209225,114.24610368,140.53402195,135.98161672,60.36395448,126.08892164,85.98140815,92.39883174,132.52953193,102.39365344,126.21511382,110.77744761,87.09722023000009,97.4261652,238.26031217,170.40768884,163.27759131,191.44970774,141.99010527,140.7453869,151.38032095,193.92729505,162.98700096,138.9694675,219.91031778,178.36027004,155.72897305,204.10460202,185.31619505,160.6695423,167.16862173,126.33456704,154.84572486,265.60250929,171.40059672,163.20733861,271.15350279,219.31939292,216.95236948,250.71802193,167.61692742,356.95567301,116.92385839,245.37239693,83.2416141,212.88748871,179.63277479,193.9343572,349.50968851,100.82899547,186.24774934,229.95135895,269.450500883,314.216155505,128.41008975,200.76101059,237.67980723,317.66273691,164.50991843,179.17102012,297.71267805,382.85319456,223.26086231,273.55474899,446.15762311,294.69987898,257.96521341,363.05565919,107.75491184,251.96054929,136.36669338,320.71740261,177.82534478,302.55936718,260.69642749,271.15672263,530.91852216,598.37390103
No Registrado,4.70155549965057,4.28776544399443,5.47386583329308,5.78037499205334,5.84783671588457,5.6663082698044,5.67972721467618,5.16915893328155,6.07266899682486,6.37269754604131,6.43347204964971,6.34462583299,0.823736558413657,0.8194510310615901,0,0.576833923585582,0,0.0893156554748202,0,0.300453060728614,2.40531944899885,6.22096725518259,6.68835867379266,13.3973639727615,1.27670653665359,1.94301119200895,33.8630556781914,0.467575316255079,0.482160624488642,0.9000479110595732,0.273749054489599,0.657629904593705,0.665267783048421,1.0350293611732,1.1731520362996,0.625514555786594,1.57318714136045,1.39057180799091,0.764973010665472,1.16127423263288,1.36293411928273,1.35980323726562,0.673277218658768,0.666820365040167,0.48101452697847,0.522628521830939,0.514403774078346,0.395450399299989,0.844877469742642,1.04727533981281,0.7396255007031411,0.198728911027047,0.457633347470164,0.166062862290346,0,0,0,0.782750851983565,0.732976482955564,0.169475491898993,0.40426295551606,0.257144912928652,0.494825424727424,0.654771325373531,0.379570959665671,0,0.211275302176091,0.767673328763067,0.795142527872486,0.789171677726699,0.561751825594456,0.147749941877919,0.825155034654472,0.24022059029312,0.66448736994289,0.712462099605091,0.639350329154695,0.563202122624716,0.766694616641871,0.983555669739872,0.9982687230867668,0.921814682858439,0.735534283945981,0.75342176687991,0.57354028869122,1.00424675877457,0.99880499491519,0.999254914835092,0.9989851671602988,0.9991765761142228,0.99885987947755,2.10879101422779,1.01113722159243,0.998604342685212,0.999214098753328,0.9985617045176701,1.01732183495687,1.53742554024575,0.9990330943946901,0.9995422052948019,0.999048913742627,0.998885939312004,0.919588943362214,0.9534476255148551,0.821970085005432,0.8442983649592861,0,0,0.998925503775354,0.998635791037941,0.9991819096035212,0.9985182050540972,0.998943031423551,0.9993864196694631,0.999206462204256,0.998881386544781,0.997890574830762,0.9992442257162111,0.992982620842668,0.999718515565291,1.8573102984783,0.999106414732523,0.999385977652764,0.999254898811159,0.9990129906045692,0.9990810316066931,0.999706355560647,0.25391310647683,0.9991228182320809,0.999256706316373,0.9988348843326089,0.284315194387545,0.957521985194944,0.957943232974685,0.999214252706224,0.998847737769211,0.933099230539938,0.999300304380995,1.00628378452302,0.9872363001145459,1.07426085845145,0.81231698618376,0.684311101090316,0,0.999034621720511,0.998766944961517,0.998497741773008,0.9993231945900332,0.955866484905528,0.999506086328438,0.998692666199531,0.999183201231972,0.998672813708254,1.00017401248351,0.614410663663875,0.968989638974563,0.9994099429391101,0.999935889274184,0.955441409178093,0.998643862747485,1.00050082011603,0.9989468722496889,0.999847810351639,0.969732797269899,0.998745431592852,0.998972238170609,0.722623473897329,0.976879420401019,0.998010873441217,0.93757510937985,0.9515432933803821,0.968353221504003,1.0000678915485,0.966834620056488,0.9985229784579132,0.999924825829112,0.999739443115686,1.0000275160055,0.965342065005643,0.999735871537268,168.875050251053,140.869086155549,91.953246217578,0.9998638728636708,7.5361229006146,87.8556350827416,112.213993193343,64.2561872385545,59.5500894812685,81.7996496579744,148.171423078873,217.803915559698,125.131571764177,149.941020075981,143.680134220122,154.301468290496,164.766928604124,175.899025868193,200.761730028857,206.030811581342,248.508732453796,259.046541852512,268.074629419052,225.10446058492,206.123743671789,210.524225415928,253.970455298326,245.767959766343,279.535757866076,300.513900106289,272.054025253655,213.409557854538,234.419938671584,233.2274191898,211.029055464502,234.514615031734
Pasco,11.43615445,18.01980403,53.52801535,32.42971456,15.80426919,40.91258096,22.36964103,37.50870985,22.08311662,23.60453986,29.88031719,56.2192047,32.02989609,40.78098441,32.58770187,64.33650102,43.15219544,80.65087409,69.69778468,76.9971253200001,68.93889194,66.82153551,72.13460917,182.29698587,31.5198983,72.62114102,66.21076013,96.90489735,67.88660903,106.37463208,65.24488292,63.74087778,79.86289669,72.37572502,22.28388402,58.85684341,35.97930183,59.97108197,55.43248798,57.56231815,22.54434436,32.40229852,53.3639822,36.57416616,66.10923792,49.40055974,38.51716853,34.74177359,17.87345698,31.08471788,34.51169737,44.5503686,73.19230323,61.37251982,67.05709879,56.55659874,77.4338688,73.741976,142.4153069,79.80271605,85.79780989,53.09674052,90.11217256,86.8379765,85.07096758,92.60249763,44.66208386,82.62550684,72.52366866,117.44044725,93.63848476,164.850126,54.38064626,24.70180973,81.29760255,161.54991442,148.27319105,40.99728748,172.1404729,146.90333203,101.50777873,114.17685136,50.43072474,155.56542404,152.88027889,84.00610638,81.09303506,98.96984689,39.19645041,94.23897891,127.87723834,47.41633857,115.77703479,98.90697841,62.46566626,110.32922007,179.6610394,73.2269106,120.93746851,70.31051855,98.0121375,61.88794491,106.7656995,83.81411136,127.87758554,60.13997442,105.7831638,76.10264163,75.84774311,67.97587147,76.42863846,97.15940361,69.17886558,73.34629395,58.28975199,128.47162499,74.96396921,82.172281280000007,87.99282815,70.65350058,75.04591672,56.27706969,94.16366745,59.7486595,133.23025679,72.23237854,72.79304252,88.50557759,85.93804183,64.51700573,88.76128727,109.81513593,34.77550853,68.85401481,28.7497935,30.9128162,10.56895017,26.36653395,20.03897279,6.56370785,31.15754994,33.49367908,29.95278673,25.39737255,23.27427664,3.75860561,8.25122908,3.28221608,15.63502783,19.97229434,26.19921129,6.20868135,34.81509663,14.41840937,38.90884666,19.63205507,12.50856566,5.07443329,57.72172491,9.6818504,9.56686623,46.70246301,19.73035422,7.40395043,10.64691488,8.94442934,8.72960961,18.59314507,7.31946705,4.11101518,10.64818534,16.23192217,8.28364124,15.61716855,15.8678884,15.26407793,9.93517076,62.01746555,23.18826046,20.62319813,66.33467724,37.23860978,14.89447167,7.58411733,34.11998878,12.17894392,14.32110771,36.78091934,30.739575234,30.920954322,22.87442011,23.72802042,50.07354515,19.69330429,27.41676821,24.45095401,84.93069818,17.21169317,15.2411113,11.71806519,22.10526886,83.85308003,32.57089607,63.60791935,17.58771035,13.12500313,27.72080052,18.17851467,45.73291075,96.73159806,16.21376361,30.04535229,37.18911,87.26029731,39.77162969,74.15783129
Piura,63.6991736100002,68.8704715400003,61.3973847799999,54.70853942,75.57468719,41.08895086,68.28428196,91.28162093999991,72.79510575000009,39.01773943,79.3426234200001,78.74571189,84.1851800500002,74.1895585100005,126.17533672,109.13441034,73.61515439,132.77326629,131.04772309,93.8563767100001,102.24677829,85.54350463,54.01844575,138.82782098,135.79356866,125.67552697,96.2525312600001,96.6112553,101.40548207,112.03082796,134.02426288,126.40035451,143.46784851,139.08755811,104.894230570001,173.98232564,165.262249030001,159.330193040001,182.21706282,160.51881839,122.87606661,192.38618258,168.59782813,198.60464017,105.2493999,131.24194865,79.7920484000001,74.9833493000001,82.2510680800002,71.9895989499999,112.27019822,84.14523223,60.7894087799999,76.77881935,120.63824022,120.24782478,101.4678527,99.60287501,125.02921837,172.18251661,136.00081805,181.04355749,138.369946,140.43119443,115.13436696,154.76967371,106.53068599,159.14674839,115.45532748,153.31915111,144.12660905,234.290995890001,169.881325350001,184.54023842,246.67418776,172.1206302,193.36373231,212.00059884,266.98472349,223.685261299999,162.45647963,145.06107588,134.56510107,298.23679363,219.78683973,189.62280005,269.688289449999,203.61199128,191.35711108,203.86733248,211.38021166,208.62580414,212.38325531,283.99709689,311.778749879998,261.71968387,226.235746770001,246.78605337,240.519831670001,259.27788783,214.41611699,218.96187133,180.00816038,237.19248604,191.474124400001,252.268367499999,307.497090010001,285.442603100001,249.84839167,282.651988879999,258.980887849999,274.26014843,181.64102933,280.20756769,184.3687615,256.53418091,215.23728372,242.03089523,263.70701215,278.73500035,201.50817578,210.10314513,167.3417909,137.4742181,174.1559119,162.99833562,138.35092098,130.32011475,155.20604827,207.890954839999,264.13259745,228.97943245,204.72881525,144.56025083,141.27951345,119.4729747,146.58569975,106.03459835,112.78609456,121.71594265,168.16172975,174.78134945,247.01084437,337.015522249999,223.628007309999,170.45341867,174.33962369,120.16515666,139.64534473,174.78461836,148.19581798,172.29173048,130.51812782,169.0262683,211.33876367,274.065839599999,276.347755039999,202.51210385,233.4065561,191.43194659,215.84643016,246.34033906,208.35079809,209.1304131,151.48591897,219.10831238,256.13550294,314.52492969,261.97022044,226.11477727,274.968192689999,228.48171537,187.14888104,218.44144541,238.78203404,187.92934344,255.85108492,268.80752235,308.07484524,345.277727419999,306.05763979,214.75215588,153.19843494,109.27883993,102.45634523,118.17105451,195.90630718,186.96774843,211.053949149,277.744208873,328.509409617,368.372716452,275.67694699,229.30486491,189.9947306,192.09096032,172.27391372,169.29121423,193.33594753,182.30989663,237.66162625,296.05174215,410.84104896999906,406.51227727,310.38718903,238.74823207,246.38410495,174.42137626,177.073122,287.63170551,207.82960468,204.83245839,230.05940354,357.63633627,419.080544599999,581.504837159999
Puno,4.43784698,5.71325029,7.04592495,6.01351488,6.12706453,6.73985286,5.15504298,9.71202372,8.80127409,11.23022946,8.52301169000001,9.7684672,8.02316593,8.91706481,8.21753564,10.32885478,10.12182497,8.22363648000001,11.88731401,12.02848125,9.94735083,15.59459852,12.24973474,12.52265327,11.36516291,12.93539942,9.39139608,11.65002757,18.02219215,10.03067927,13.25536388,10.78966751,13.24093063,14.41157541,9.30039464999999,12.14176465,13.88206863,14.44494704,13.20804758,28.79062795,13.82773012,16.96960995,17.00965732,12.90375533,20.03311157,19.75630562,19.16705596,16.82692123,24.36187613,35.32585589,19.83628808,24.30695141,28.34863848,23.37086137,29.00329445,25.13961168,32.3388731,37.33010814,30.88602152,36.39622202,28.75419237,34.12344419,30.64259454,38.69874174,35.01583536,37.92512193,40.95931454,39.21653795,56.01332522,53.7911447399999,49.74348738,49.09534637,50.0329976,71.52856631,75.46318184,86.74870754,64.15006279,74.37595677,81.7879549100001,77.0202167499999,74.67652983,80.6774879399999,90.02427393,86.03205156,61.62357443,98.88557245,57.89850216,3.56494503,6.84555442,26.90900882,54.67054002,67.36025199,46.22356008,41.71080468,37.55956298,41.76022386,32.41866895,43.46153677,63.09240284,23.44015368,53.17471186,25.95299871,20.67721964,49.0437513,31.13251087,41.96014655,46.91286522,33.26281595,39.11188727,16.53367483,23.84845099,21.16065464,18.90342657,43.213016,44.45568022,43.77758113,49.55411067,35.01027117,14.75721195,46.98541128,76.37507757999991,42.30530072,52.7052747,68.42519689,61.69539406,86.9065439499999,77.02406805,72.1760215899999,96.29127697,132.34128998,75.3822378599999,93.9935620799998,128.13120404,98.61032326,114.53132949,111.01552614,99.99267521999991,120.69294467,137.53212927,132.42153301,157.50018548,132.57326763,117.49661557,140.50506204,103.88102104,140.66886124,112.61224744,125.66718936,115.3691214,118.1261614,113.7318135,149.77015113,170.62461063,131.95363447,136.91128413,142.17833386,135.87647127,139.99341233,156.24417319,129.02381886,116.74593307,115.13791757,113.37146407,92.83839587,82.81223238,83.31974184,70.71522102,87.15469721,90.62073796,68.77036936,69.3908395299999,60.44644884,68.5238619,71.34078284,29.71466669,78.3435456,100.75645282,106.40768826,143.73511859,98.72934329,116.54881554,131.71168837,59.42921395,25.86716038,70.25608722,98.45032423,113.77251378,164.57692955,167.700995369,185.964298434,191.482418397,126.485183457,159.69063238,130.4690802,159.79875272,200.58592957,210.76283209,229.97086301,225.26357359,217.1026626,215.09076159,212.05045334,208.26797677,157.30761306,162.98528824,183.74854746,187.00412148,161.93498368,184.1366572,146.74038577,138.43230405,154.22022145,165.28398476,164.73351236,107.96673656,122.96371234
San Martin,3.94542865,0.85441985,0.23765933,2.84387477,3.31858552,4.31465752,4.08271977,2.55468944,5.8233698800000004,3.44307748,4.53411489,6.13286589,4.90444021,0.8595197,0.65458699,1.50841443,1.84953215,5.67364555,4.36113896,9.14994256,12.47871895,6.68152589,7.44816141,8.389718,4.12921807,10.35522018,3.55863353,1.10455785,3.74257542,3.65447309,27.89659638,11.02521124,9.96130471,7.99056487,9.14899185,4.36557859,1.87413093,1.28731339,1.39373998,0.92084643,4.34760131,3.53340378,3.87453566,8.10680234,6.36762786,12.7869076,10.75997788,5.71943436,5.16648433,1.73104939,3.54530804,2.59062633,3.08422732,9.27644369,10.54246927,8.88479552,11.85187742,14.80712572,13.55045149,8.34492141,2.64196467,3.93690434,2.04010774,1.69190063,8.09920638,10.93874045,12.79617634,12.41023951,9.27736355,13.29317323,12.88575383,18.60094956,1.96049785,5.4607279,2.43851404,3.05818029,13.02316597,23.41995808,31.48326678,32.03552023,30.25964817,22.37908915,20.7052426,26.37310104,13.79744343,4.17279939,3.48781676,1.28538333,1.01190797,1.50791977,11.69817985,20.60377608,24.0980547,22.19015084,20.68806205,8.35376414,3.56505295,3.4904862,3.02937754,4.83724585,10.64167574,15.68212851,16.26421167,21.84226859,10.46236859,12.57401898,10.29138933,6.48919823,4.46794587,3.23627183,1.950025,3.25946808,7.60305203,14.58716812,17.44005427,26.95077707,27.29314744,22.77209232,19.65297165,11.8642687,5.76671482,3.53657667,3.83918458,3.58446166,5.61037656,8.96521959,8.51954286,8.45142702,13.20736017,7.16043771,9.44352544,5.6676656,2.61005074,2.05606912,2.61603351,3.37510375,3.81447491,3.99036509,6.30071573,10.03340608,10.32978542,8.53618637,9.83473012,8.47891782,7.20215421,4.57582256,4.72415418,3.05879875,7.56911365,7.73709939,12.98741961,15.38163455,12.38662715,10.679176,4.53023723,5.03607745,4.80469282,3.56558913,7.43731933,5.08807112,4.11295273,7.74876258,7.57897128,10.1324615,6.14806454,11.41334669,8.3165697,8.34514604,6.43940745,5.46266986,9.14972443,4.22395806,6.44396558,11.2015285,9.35459911,10.03995101,8.6835889,10.22808608,12.55323827,12.32246831,12.50003756,17.7813501,8.34956474,5.79515248,7.11194541,7.532079,10.26603772,12.17880229,13.033935527,11.445229988,13.339120476,9.988075968,12.69427126,9.10604038,7.0474384,6.96002923,8.81915312,9.0858017,11.3951736,11.25197623,16.20587147,20.18788797,16.55397719,15.01502755,13.79463933,10.29038132,13.26330602,10.53024451,14.1544123,12.60074416,19.41630583,20.18969613,20.21143642,21.64257595,17.6438123,13.54609886
Tacna,72.2144352,39.72895264,53.41822191,27.26353596,34.31132672,26.94046667,66.2298888199999,32.14412915,42.92119064,91.7344382000001,28.3412294,76.3012045000001,22.35428023,53.04609464,63.86602994,20.15184121,52.5211793599999,40.59831069,32.6398228600001,25.58457212,55.7909030199999,19.3032084499999,58.0997209100002,35.0782404999999,55.2940709100001,69.3265302699999,101.31508924,56.4273057100001,37.4437298199999,42.76356478,48.26447949,94.8319115899999,105.44861831,47.2735749599999,60.6052359299999,54.01380384,69.4112880699998,63.1784348399999,30.59369348,57.5720200100001,49.2917898399999,38.81003181,54.0258573099999,60.0439457000001,26.80839894,27.00621196,13.87314513,16.86028042,17.04272718,14.86594367,6.76737701,11.51123716,13.33063223,14.20221806,9.46772989,14.86055909,18.48104146,17.49841318,15.91741974,13.8967565,23.13713604,22.15179581,31.67588998,33.00791861,33.8375500200001,30.52918274,48.758286150000004,47.3067982399999,61.11964931,52.40659773,26.76502912,51.9118709899999,38.79474948,17.13610649,28.528735,30.79526001,17.0141563,25.465711,20.4505222,28.12995936,31.58683493,28.03213721,27.20528712,43.2195574299999,21.75342134,28.7719665899999,21.29179506,28.32086905,26.943898,20.55715512,44.5773445499999,22.594175,30.16655183,16.89891484,22.0816172,26.955473010000105,25.40684512,31.67152103,39.4807218,42.65179563,26.39332127,24.84613527,35.94661831,34.64479679,26.1252342,37.96560616,24.90767277,42.18591955,37.29323988,27.30496053,28.5013909,37.07433001,35.6672626300001,21.70876654,37.27645842,46.0172861300001,34.3219027200001,38.19030172,27.57779404,20.3628051,37.0053344000001,29.18728289,27.35471247,23.77347625,33.22038911,26.06582278,25.84758931,29.76478643,24.32220106,27.4476940299999,19.51626398,20.25811957,29.3360063,23.49930167,27.9662041,18.54215744,20.08867796,9.28655861000001,23.6389108499999,27.16922438,24.66202608,35.54873914,50.5502110200001,25.85016553,29.74034643,23.14569421,17.28985723,16.14262707,18.11920949,19.65639286,19.26643151,26.90571198,24.12716907,24.83495892,18.44218767,31.14472307,15.21524132,18.79344933,14.53618661,18.23676107,10.02635942,13.5628207,11.71761722,13.2618163,21.07684865,14.77853704,21.2232607699999,22.22530976,20.13405627,9.83455849999999,11.93250472,15.56991342,11.8331935,18.44299025,24.31420608,25.15335903,39.8855566600001,30.3744984,26.2614841,28.3059978,18.79789087,18.830641,25.84989233,29.25231646,43.23815599,27.25130075,26.97292558,47.08625082,62.551492511,63.291518733,48.520963036,47.78626013,52.86784006,72.1837565,49.99736545,38.12090915,52.56574178,51.93587634,36.24240057,58.0014141,59.86823436,47.37805521,68.31269036,126.67834089,59.25695422,62.54586426,39.23172826,58.7503106,34.06622298,33.51875086,36.25483815,28.56131835,45.02279331,28.73444172,61.00143808,66.70671973
Total,1264.05401593965,1136.996685324,1347.4939257933,1257.79470001206,1354.77868169588,1421.9409395498,1558.40937105468,1491.78541706328,1505.14595931683,1468.87175660604,1546.31252613965,2014.10028855299,1430.55904426842,1448.14988057106,1745.90574479128,1821.84002357358,1944.42194844007,2043.00319899547,2363.31120785699,2018.63937339073,2168.103851789,2070.53980242518,2191.35468925379,2584.31847948273,1747.48280880665,1907.75677722201,2099.5411970681894,2119.74986313625,2144.56329548449,2455.69370429105,2712.29646926448,2373.98200623459,2553.70044268305,2667.95852086117,2358.0304105263,2953.26363132579,2551.83991449136,2483.05284646799,2768.97852387066,2692.24944204263,2879.37466255928,2812.69683436726,3012.57502114866,2875.17284660504,2616.26368564698,2294.75981985183,2067.22837630408,1964.28765075929,1630.56867732974,1815.17321684981,1962.6616588907,1789.22530662102,2154.83629892747,2192.33686169228,2344.94815633827,2332.32615127421,2519.38315123471,2579.05101682198,2718.73670132296,3031.2724283119,2438.84332063552,2649.19096796292,2817.37754841472,2671.19429524537,2391.15268571967,3153.32147967942,3035.35938543217,3035.64919481877,3311.48441406788,3170.40761470773,3356.1006216356,3772.99928594188,2964.11672880467,3377.97599887031,3751.35085343995,3417.51235437961,4105.47257107914,4204.12767426261,4194.85467642664,4554.91633885974,3977.81945253304,3935.99681703288,3352.2841995439294,4539.53388864688,4029.24932095468,3823.8868878747894,4166.01007534091,3226.98093254682,3718.07165592915,3871.23068813812,4084.63473831449,3989.3902947092306,4185.80321481659,4083.66195328268,4031.40414496875,4200.28277448451,3493.21943277295,3261.40593459824,3753.81532039238,3229.15123098128,3547.03969071973,3344.66879612531,3444.82400887334,4186.12073134551,3632.993596115,3674.12731456694,3429.25790320942,3864.01263444926,3168.7367506217706,3330.26007864902,3280.73903959759,3127.16570512704,3126.15312192343,3238.08763181966,3365.7630363202,3623.60679114453,3374.64204070282,3362.8571885187,3154.90538770382,3379.76611423856,2822.26713892248,2626.74500117974,2698.80799468964,2421.50066877481,2662.08438572761,3199.3411389396,2859.01584410655,3051.08721678148,2729.0226064662306,3113.61523611031,2945.70598690733,3285.16130670038,2474.89362162264,2456.80545641201,2822.10749483489,2804.39095780954,2858.18098416497,2703.82792895477,3351.89396906773,3260.03691432763,3263.1262279187,3561.83419651723,3408.82511696454,4115.8151737372,3296.8260603600106,3576.4127079372,3300.15777536305,3139.65210887078,3547.04386926799,3869.53953413305,3447.17821028784,4067.4408105790894,4393.67406972329,3986.5554472961294,4212.70977258803,4584.40307806717,4088.62388301275,3670.97783245028,4191.50420355849,3807.17790001803,4245.00086481033,4540.59138152524,4097.84230722249,4058.52658568423,3885.8730072999506,3989.09251658616,4168.98778108781,4322.27754450043,3943.2900568795,3517.6886138046402,3751.81031944509,3780.78093346774,3699.76080389056,4094.8271165845,4214.70707340321,3928.7529123218,3993.7507554086505,4158.34662110843,4026.74355478336,4869.9960558413,3897.3400347310494,3553.36623067555,2846.90950441758,1865.43187631286,2006.57672803061,2907.13061136274,3700.75971843334,3657.15725102855,4331.01544993727,4675.68182965197,4356.35186070587,5027.8800050927,4508.38330713418,4469.84413860598,4616.02341451012,4645.0354741905,4951.54524401413,4906.89868343819,5120.86585980886,5588.02781703134,5727.4948944538,5784.03220794251,6236.55679672905,6559.41063583492,5503.78018742179,5730.67714505593,5633.07489617833,5251.20355252634,4780.12306650608,5780.40331220629,4880.77811971365,5784.82759288454,5765.24555243158,5524.8777459898,5225.9553862845,6306.16852506173
Tumbes,3.96391074,5.76003123,5.26865043,5.79736912,6.97126824,7.93274265,5.24063711,4.06035388,4.2083443,5.47240672,6.6437419,3.97762155,5.56755732,4.70774541,5.77010996,5.5380954,6.4096109,4.324172,4.54204714,4.83013647,4.32315,4.83627146,4.6515117,4.51576645,3.92047782,4.24106856,5.49994624,4.79697823,5.13973471,3.99481815,5.20941045,3.47214787,3.85657003,3.67142447,4.61092011,7.00156698,6.92523041,3.81925349,7.65828444,6.64464898,6.0083238,10.20761078,10.32661152,7.57392815,7.29599577,4.91836108,7.3102761,6.50156521,9.66749664,14.35537692,15.82268765,11.44297072,9.88178481,14.31186257,9.91084381,9.02440565,6.18762323,6.1020581,6.04866585,7.24134649,7.47434606,5.55017279,9.48320824,7.59354602,8.4673477599999991,11.6637117,6.48638423,5.06795579,6.96865872,9.21064394,13.32476383,13.12265086,12.4734173,11.50422243,14.25129503,11.68863722,11.33407222,9.76628252,9.98464321,10.8293033,10.38950635,11.02494241,8.38528308,13.72375065,10.51121262,11.78127603,12.16519245,9.46834608,13.24247293,12.96809449,12.65482453,37.18897227,10.67871386,12.16209902,11.36203173,15.78174851,10.72652253,12.20979335,11.07953105,13.71950468,15.19208534,13.19817719,14.71860595,15.10739193,15.2425865,15.02853991,18.34030675,18.7212931,22.02041266,16.01457318,18.43891534,17.50073173,16.56125327,14.82391583,14.77422615,12.37965636,17.13397118,14.35722378,10.40343289,14.7903153,11.82152061,11.38955446,12.97012427,7.39789079,10.76637527,11.05696863,12.09582756,9.35267975,9.30262153,10.43218453,7.87934604,10.16493452,10.16946055,10.68962921,10.26283377,9.87690693,10.31322477,7.51426019,7.18202978,8.7941088,12.51478608,10.13364906,11.36680782,11.98848127,9.01916769,10.71905509,14.69301473,10.59563579,12.83696312,14.1040712,10.49113535,9.58829019,10.8224873,13.9061402,14.28576784,11.765316,11.34265155,10.76810456,13.41269056,11.25473512,10.71815251,12.79435165,12.94434696,10.78316339,12.31980148,9.40294851,9.80765594,9.75013791,11.46309094,8.64860929,14.09391303,16.36123852,12.1345067,13.85603866,11.38432695,6.65044008,5.43565531,5.8286226,4.25452367,6.87281171,8.5238087,6.62205703,4.12906544,2.49778369,5.31946338,8.72107665,7.64861063,6.08593783,4.8282312,7.25450683,9.34811337,10.18415908,8.82707984,10.72943463,9.79685678,13.88412022,15.29649192,9.33908459,10.92482712,12.86300422,15.16207066,11.21608381,12.46680821,14.96797425,11.23125219,20.47705495,21.18771581,15.09860215,13.25158765,11.84433804,18.57948411,15.23082834,9.66707767,10.35915141,9.7647884,8.24911604
Ucayali,1.20100574,1.66693419,1.90673924,2.21709167,2.8583447,2.63370512,2.38204206,2.66248009,2.06852612,3.12879321,1.89924039,2.97941486,1.98205324,1.79587915,2.20360715,4.29846498,3.3471118,2.37922627,3.18857564,4.40307192,3.12359861,3.93529883,3.34286933,3.27915247,2.36314117,3.04664982,2.90783615,2.87102204,2.10385003,2.73742261,2.98231042,2.67296645,2.44760498,2.83993542,1.88144198,3.86500641,4.90357771,3.52657406,5.160504,3.61384833,5.69159222,3.86585208,3.40115587,3.87183967,4.43399916,6.40254159,2.89199692,3.58085825,2.79270119,2.95015126,2.98239495,2.47986032,1.96312412,2.64733805,3.54446497,3.50364349,4.57377481,4.55977804,5.22993406,4.2285688,2.83353429,3.67609077,4.46740213,5.85855626,3.32413103,4.82342206,4.18538965,2.4598212,3.14361928,4.87704626,3.21119642,3.55091539,3.34869786,2.15405058,2.60951646,3.24038814,3.0983018,4.61920793,4.10154463,3.49441542,3.09694607,3.24737606,4.6138445,3.4673678,4.36371384,2.75930218,3.79173705,3.44811809,3.22232235,3.38917918,3.23064028,3.70501464,3.10548474,4.94040689,5.08148158,6.18338784,4.42156955,2.82283915,3.65387424,4.00065405,3.60543155,4.40921681,3.57414391,3.82791776,3.19437482,4.12012295,4.75432509,3.48247551,3.25854287,3.32740542,4.32392127,2.89088126,3.15403589,2.60749299,2.78901748,2.09110773,3.10977505,3.31024459,3.11144461,3.36533713,2.48512392,3.39234278,3.58712564,2.36330467,3.30953861,2.68614634,2.32684856,2.18239622,1.91824354,1.68914719,2.25165026,1.98833092,2.71022127,2.18956372,2.24779057,2.66781309,1.50941866,1.67338564,2.85200248,1.69656282,1.79779514,2.4365106499999998,1.09644757,1.95035626,1.22793908,1.45205305,2.21179886,1.67140731,2.05091141,2.24448774,2.18418513,1.91860834,1.43687964,1.03434236,1.87990939,1.52250484,1.14745706,1.23882947,1.68707691,1.96481161,1.86704583,2.12205181,1.73886881,2.02628986,1.74526878,2.2100208,1.8482883,1.38455612,1.40129157,1.1516973,1.54320695,1.65894097,1.21534267,2.48090233,3.19377055,1.6706732,2.04677081,2.05785967000001,2.87181799999999,1.82956498,2.24401463,3.63795902,1.82846966,0.37102422,3.63995917,5.48842405,2.5997892,5.12259687,4.323702881,8.730514141,2.44731054,6.209066809,5.78509506,9.12148974,5.79535021,2.97542078,7.51254568,7.9795046,9.42361237,7.03687724,6.51137061,8.03427109,16.55501249,16.15116467,4.31970563,24.24161735,12.44270023,11.7310529,17.40406187,14.75397277,14.10289683,8.88321218,3.4258625,8.80648869,13.53145845,13.76773444
